{"HBV00000GYMOJ": {"HBV00000PV7NK": 0.8929077906802638, "AILEBIZIZSMTLDGY54": 0.8620772965041889, "HBV00000PV8KX": 0.8570616428945494, "HBV00000PVPZ5": 0.8335853014699707, "HBV00000PV7NG": 0.8296161628171579, "HBV00000PV7NP": 0.8296161628171579, "HBV00000PV7NU": 0.8280374436647528, "HBV000009FFMQ": 0.8270889818100403, "HBV00000PV5VQ": 0.8254751220429825, "HBV00000PV8KN": 0.8192363191151126}, "HBV00000PV7NK": {"HBV00000PV8KX": 0.9162784638145947, "HBV00000PV7NG": 0.9064077061072676, "HBV00000PV7NP": 0.9064077061072676, "HBV00000PV7NU": 0.9046828563880192, "HBV00000PVPZ5": 0.8932834119072344, "HBV00000GYMOJ": 0.8929077906802638, "HBV00000PV8KN": 0.8906439003627366, "HBV000009FFMQ": 0.884373808860571, "HBV00000PV7N5": 0.8805044039760836, "HBV00000PV7MM": 0.8767892554635013}, "HBV00000PV8KX": {"HBV00000PV7NK": 0.9162784638145947, "HBV00000GYMOJ": 0.8570616428945494, "HBV00000PV7NG": 0.8515124191006025, "HBV00000PV7NP": 0.8515124191006025, "HBV00000PV7NU": 0.8498920324389205, "HBV00000PVPZ5": 0.8440208838891007, "HBV000009FFMQ": 0.8426539344218622, "HBV00000PV8KN": 0.8363892920967751, "HBV00000PV5VQ": 0.824300942076622, "HBV00000PV7MM": 0.8236877675803727}}